{
  "T_0.3": {
    "n": 10,
    "cycle_rate": 0.6,
    "n_cycles": 6,
    "lock_in": {
      "mean": 93.1,
      "median": 38.5,
      "std": 112.5990428220615,
      "min": 21.0,
      "max": 303.0,
      "values": [
        302.0,
        303.0,
        101.0,
        21.0,
        27.0,
        41.0,
        27.0,
        32.0,
        38.0,
        39.0
      ]
    },
    "cycle_period": {
      "values": [
        8,
        10,
        10,
        15,
        8,
        16
      ],
      "mean": 11.166666666666666,
      "median": 10.0
    },
    "tokens": {
      "mean": 2063.0,
      "median": 1500.0,
      "range": [
        310,
        5400
      ]
    }
  },
  "T_0.7": {
    "n": 10,
    "cycle_rate": 0.6,
    "n_cycles": 6,
    "lock_in": {
      "mean": 67.5,
      "median": 53.5,
      "std": 54.610235100920214,
      "min": 21.0,
      "max": 160.0,
      "values": [
        21.0,
        54.0,
        21.0,
        160.0,
        57.0,
        21.0,
        119.0,
        21.0,
        148.0,
        53.0
      ]
    },
    "cycle_period": {
      "values": [
        20,
        20,
        15,
        21,
        13,
        12
      ],
      "mean": 16.833333333333332,
      "median": 17.5
    },
    "tokens": {
      "mean": 1646.5,
      "median": 1700.0,
      "range": [
        365,
        3400
      ]
    }
  },
  "T_1.0": {
    "n": 10,
    "cycle_rate": 0.6,
    "n_cycles": 6,
    "lock_in": {
      "mean": 52.2,
      "median": 53.5,
      "std": 32.39272895093726,
      "min": 20.0,
      "max": 108.0,
      "values": [
        96.0,
        59.0,
        108.0,
        21.0,
        70.0,
        20.0,
        57.0,
        20.0,
        50.0,
        21.0
      ]
    },
    "cycle_period": {
      "values": [
        9,
        8,
        12,
        10,
        16,
        8
      ],
      "mean": 10.5,
      "median": 9.5
    },
    "tokens": {
      "mean": 1207.4,
      "median": 1350.0,
      "range": [
        236,
        2400
      ]
    }
  },
  "kruskal_wallis": {
    "H": 0.37067177637512116,
    "p": 0.8308251726182562
  },
  "pairwise": [
    {
      "comparison": "T=0.3 vs T=0.7",
      "U": 53.0,
      "p": 0.8489235290078903,
      "cohen_d": 0.2892995001989109
    },
    {
      "comparison": "T=0.7 vs T=1.0",
      "U": 57.5,
      "p": 0.5914970719016434,
      "cohen_d": 0.3407763961540563
    },
    {
      "comparison": "T=0.3 vs T=1.0",
      "U": 56.0,
      "p": 0.6768964557436469,
      "cohen_d": 0.4936706486981381
    }
  ],
  "spearman": {
    "rho": -0.10682840626880695,
    "p": 0.5742029232976569
  },
  "cycle_period_kruskal": {
    "H": 6.5902558710129675,
    "p": 0.03706330303142459
  }
}