{
  "description": "R9: Pairwise temperature comparisons for cycle period",
  "data_source": "/storage/dadfar_model_self_examination/dadfar-vac-replication/outputs/runs/phase_d3_temperature/temperature_ablation_results.json",
  "summaries": {
    "0.3": {
      "n": 6,
      "mean": 11.166666666666666,
      "median": 10.0,
      "std": 3.488074922742725,
      "min": 8.0,
      "max": 16.0,
      "values": [
        8.0,
        10.0,
        10.0,
        15.0,
        8.0,
        16.0
      ]
    },
    "0.7": {
      "n": 0
    },
    "1.0": {
      "n": 6,
      "mean": 10.5,
      "median": 9.5,
      "std": 3.082207001484488,
      "min": 8.0,
      "max": 16.0,
      "values": [
        9.0,
        8.0,
        12.0,
        10.0,
        16.0,
        8.0
      ]
    }
  },
  "omnibus_kw": {
    "H": 0.06088560885608741,
    "p": 0.8051016355875583,
    "significant": false
  },
  "pairwise": [
    {
      "temp_1": 0.3,
      "temp_2": 1.0,
      "n_1": 6,
      "n_2": 6,
      "U": 19.5,
      "p_raw": 0.8693374974537501,
      "r_effect": 0.04748707771831729,
      "median_1": 10.0,
      "median_2": 9.5,
      "median_diff": 0.5,
      "p_adjusted": 0.8693374974537501,
      "significant": false
    }
  ]
}